<History>
<Entry LibID="1" Index="1">Controversial</Entry>
<Entry LibID="1" Index="2">Shaky</Entry>
<Entry LibID="1" Index="3">pardon</Entry>
<Entry LibID="1" Index="4">Exchequer</Entry>
<Entry LibID="1" Index="5">Surplus</Entry>
<Entry LibID="1" Index="6">neo-Naz</Entry>
<Entry LibID="1" Index="7">sporadically</Entry>
<Entry LibID="1" Index="8">convict</Entry>
<Entry LibID="1" Index="9">conspire</Entry>
<Entry LibID="1" Index="10">sting</Entry>
<Entry LibID="1" Index="11">mosquito-borne</Entry>
<Entry LibID="1" Index="12">retaliatory</Entry>
<Entry LibID="1" Index="13">influence</Entry>
<Entry LibID="1" Index="14">peddle</Entry>
<Entry LibID="1" Index="15">sanctuary</Entry>
<Entry LibID="1" Index="16">lagoon</Entry>
<Entry LibID="1" Index="17">atoll</Entry>
<Entry LibID="1" Index="18">sidestep</Entry>
<Entry LibID="1" Index="19">bout</Entry>
<Entry LibID="1" Index="20">hyperinflation</Entry>
<Entry LibID="1" Index="21">ostensibly</Entry>
<Entry LibID="1" Index="22">contingent</Entry>
<Entry LibID="1" Index="23">mandate</Entry>
<Entry LibID="1" Index="24">amid</Entry>
<Entry LibID="1" Index="25">Shia</Entry>
<Entry LibID="1" Index="26">Redoubt</Entry>
<Entry LibID="1" Index="27">attorney-general</Entry>
<Entry LibID="1" Index="28">allegation</Entry>
<Entry LibID="1" Index="29">placard</Entry>
<Entry LibID="1" Index="30">impunity</Entry>
<Entry LibID="1" Index="31">rally</Entry>
<Entry LibID="1" Index="32">solitary</Entry>
<Entry LibID="1" Index="33">confinement</Entry>
<Entry LibID="1" Index="34">dismal</Entry>
<Entry LibID="1" Index="35">undermine</Entry>
<Entry LibID="2" Index="36">detention</Entry>
<Entry LibID="2" Index="1">opponent</Entry>
<Entry LibID="2" Index="2">stifle</Entry>
<Entry LibID="2" Index="3">corroborate</Entry>
<Entry LibID="2" Index="4">exposé</Entry>
<Entry LibID="2" Index="5">unravel</Entry>
<Entry LibID="2" Index="6">resent</Entry>
<Entry LibID="2" Index="7">compatriot</Entry>
<Entry LibID="2" Index="8">devise</Entry>
<Entry LibID="2" Index="9">revolts</Entry>
<Entry LibID="2" Index="10">purge</Entry>
<Entry LibID="2" Index="11">hush</Entry>
<Entry LibID="2" Index="12">hush up</Entry>
<Entry LibID="2" Index="13">intent to annoy</Entry>
<Entry LibID="2" Index="14">bolster</Entry>
<Entry LibID="2" Index="15">whip</Entry>
<Entry LibID="2" Index="16">mete</Entry>
<Entry LibID="2" Index="17">menacingly</Entry>
<Entry LibID="2" Index="18">sinister</Entry>
<Entry LibID="2" Index="19">conspiracy</Entry>
<Entry LibID="2" Index="20">monger</Entry>
<Entry LibID="2" Index="21">sanguine</Entry>
<Entry LibID="2" Index="22">rattle</Entry>
<Entry LibID="2" Index="23">ringgit</Entry>
<Entry LibID="2" Index="24">depreciate</Entry>
<Entry LibID="2" Index="25">harsh</Entry>
<Entry LibID="2" Index="26">constituency</Entry>
<Entry LibID="2" Index="27">urbanite</Entry>
<Entry LibID="2" Index="28">disparate</Entry>
<Entry LibID="2" Index="29">plausible</Entry>
<Entry LibID="2" Index="30">shred</Entry>
<Entry LibID="2" Index="31">dogged</Entry>
<Entry LibID="2" Index="32">contaminate</Entry>
<Entry LibID="2" Index="33">parochial</Entry>
<Entry LibID="2" Index="34">slipperiness</Entry>
<Entry LibID="2" Index="35">franchise</Entry>
<Entry LibID="3" Index="36">perk</Entry>
<Entry LibID="3" Index="1">curry</Entry>
<Entry LibID="3" Index="2">subordinate</Entry>
<Entry LibID="3" Index="3">inauguration</Entry>
<Entry LibID="3" Index="4">obscure</Entry>
<Entry LibID="3" Index="5">reputable</Entry>
<Entry LibID="3" Index="6">precedent</Entry>
<Entry LibID="3" Index="7">portfolio</Entry>
<Entry LibID="3" Index="8">blemish</Entry>
<Entry LibID="3" Index="9">breach</Entry>
<Entry LibID="3" Index="10">disgrace</Entry>
<Entry LibID="3" Index="11">deter</Entry>
<Entry LibID="3" Index="12">ring-fence</Entry>
<Entry LibID="3" Index="13">fencing</Entry>
<Entry LibID="3" Index="14">fencing</Entry>
<Entry LibID="3" Index="15">fencing</Entry>
<Entry LibID="3" Index="16">sclerotic</Entry>
<Entry LibID="3" Index="17">veer</Entry>
<Entry LibID="3" Index="18">paralysis</Entry>
<Entry LibID="3" Index="19">paralysis</Entry>
<Entry LibID="3" Index="20">topple</Entry>
<Entry LibID="3" Index="21">vulnerable</Entry>
<Entry LibID="3" Index="22">bicameralism</Entry>
<Entry LibID="3" Index="23">recipe</Entry>
<Entry LibID="3" Index="24">gridlock</Entry>
<Entry LibID="3" Index="25">assembly</Entry>
<Entry LibID="3" Index="26">municipality</Entry>
<Entry LibID="3" Index="27">seedy</Entry>
<Entry LibID="3" Index="28">magnet</Entry>
<Entry LibID="3" Index="29">plurality</Entry>
<Entry LibID="3" Index="30">gimmick</Entry>
<Entry LibID="3" Index="31">perennially</Entry>
<Entry LibID="3" Index="32">discombobulated</Entry>
<Entry LibID="3" Index="33">discombobulate</Entry>
<Entry LibID="3" Index="34">spectre</Entry>
<Entry LibID="3" Index="35">cement</Entry>
<Entry LibID="4" Index="36">manifold</Entry>
<Entry LibID="4" Index="1">crippling</Entry>
<Entry LibID="4" Index="2">stake</Entry>
<Entry LibID="4" Index="3">blackmail</Entry>
<Entry LibID="4" Index="4">slothful</Entry>
<Entry LibID="4" Index="5">judiciary</Entry>
<Entry LibID="4" Index="6">ponderous</Entry>
<Entry LibID="4" Index="7">tinker</Entry>
<Entry LibID="4" Index="8">cobble</Entry>
<Entry LibID="4" Index="9">technocratic</Entry>
<Entry LibID="4" Index="10">Outpace</Entry>
<Entry LibID="4" Index="11">Falter</Entry>
<Entry LibID="4" Index="12">Stately</Entry>
<Entry LibID="4" Index="13">nudge</Entry>
<Entry LibID="4" Index="14">flirt</Entry>
<Entry LibID="4" Index="15">bull market</Entry>
<Entry LibID="4" Index="16">pick up</Entry>
<Entry LibID="4" Index="17">premature</Entry>
<Entry LibID="4" Index="18">spike</Entry>
<Entry LibID="4" Index="19">stemm</Entry>
<Entry LibID="4" Index="20">resilience</Entry>
<Entry LibID="4" Index="21">bolster</Entry>
<Entry LibID="4" Index="22">weak pound</Entry>
<Entry LibID="4" Index="23">pummel</Entry>
<Entry LibID="4" Index="24">depreciation</Entry>
<Entry LibID="4" Index="25">thump</Entry>
<Entry LibID="4" Index="26">court</Entry>
<Entry LibID="4" Index="27">denomination</Entry>
<Entry LibID="4" Index="28">ringgit</Entry>
<Entry LibID="4" Index="29">banknote</Entry>
<Entry LibID="4" Index="30">rupee</Entry>
<Entry LibID="4" Index="31">bolívars</Entry>
<Entry LibID="4" Index="32">Parabola</Entry>
<Entry LibID="4" Index="33">Analogy</Entry>
<Entry LibID="4" Index="34">Octave</Entry>
<Entry LibID="4" Index="35">Octahedron</Entry>
<Entry LibID="5" Index="36">Platonic</Entry>
<Entry LibID="5" Index="1">Empathy</Entry>
<Entry LibID="5" Index="2">Empathetic</Entry>
<Entry LibID="5" Index="3">propell</Entry>
<Entry LibID="5" Index="4">dictate</Entry>
<Entry LibID="5" Index="5">transcribe</Entry>
<Entry LibID="5" Index="6">payroll</Entry>
<Entry LibID="5" Index="7">head-up</Entry>
<Entry LibID="5" Index="8">mcok-up</Entry>
<Entry LibID="5" Index="9">booth</Entry>
<Entry LibID="5" Index="10">provisioning</Entry>
<Entry LibID="5" Index="11">vouch</Entry>
<Entry LibID="5" Index="12">Trailblazer</Entry>
<Entry LibID="5" Index="13">Perseverance</Entry>
<Entry LibID="5" Index="14">Trailblazing</Entry>
<Entry LibID="5" Index="15">Typesetting</Entry>
<Entry LibID="5" Index="16">Exhibit</Entry>
<Entry LibID="5" Index="17">Lay out  ( laid out)</Entry>
<Entry LibID="5" Index="18">Motorized</Entry>
<Entry LibID="5" Index="19">print out</Entry>
<Entry LibID="5" Index="20">brochure</Entry>
<Entry LibID="5" Index="21">tedious</Entry>
<Entry LibID="5" Index="22">concise</Entry>
<Entry LibID="5" Index="23">attic</Entry>
<Entry LibID="5" Index="24">acoustic</Entry>
<Entry LibID="5" Index="25">ace</Entry>
<Entry LibID="5" Index="26">rite</Entry>
<Entry LibID="5" Index="27">pantheon</Entry>
<Entry LibID="5" Index="28">coliseum</Entry>
<Entry LibID="5" Index="29">all hail</Entry>
<Entry LibID="5" Index="30">plaque</Entry>
<Entry LibID="5" Index="31">panick</Entry>
<Entry LibID="5" Index="32">intersperse</Entry>
<Entry LibID="5" Index="33">Chimamanda Ngozi Adichie</Entry>
<Entry LibID="5" Index="34">solitary</Entry>
<Entry LibID="5" Index="35">eerily</Entry>
<Entry LibID="6" Index="36">fave</Entry>
<Entry LibID="6" Index="1">antidote</Entry>
<Entry LibID="6" Index="2">indigenous</Entry>
<Entry LibID="6" Index="3">trial</Entry>
<Entry LibID="6" Index="4">dignity</Entry>
<Entry LibID="6" Index="5">rift</Entry>
<Entry LibID="6" Index="6">catalyst</Entry>
<Entry LibID="6" Index="7">poignant</Entry>
<Entry LibID="6" Index="8">compassionate</Entry>
<Entry LibID="6" Index="9">empathetic</Entry>
<Entry LibID="6" Index="10">illusion</Entry>
<Entry LibID="6" Index="11">solidarity</Entry>
<Entry LibID="6" Index="12">inmate</Entry>
<Entry LibID="6" Index="13">protagonist</Entry>
<Entry LibID="6" Index="14">obligation</Entry>
<Entry LibID="6" Index="15">Nairobi</Entry>
<Entry LibID="6" Index="16">bumpy</Entry>
<Entry LibID="6" Index="17">pedaling</Entry>
<Entry LibID="6" Index="18">getaway</Entry>
<Entry LibID="6" Index="19">woodwork</Entry>
<Entry LibID="6" Index="20">mob</Entry>
<Entry LibID="6" Index="21">apprehend</Entry>
<Entry LibID="6" Index="22">unbridle</Entry>
<Entry LibID="6" Index="23">crawl</Entry>
<Entry LibID="6" Index="24">slur</Entry>
<Entry LibID="6" Index="25">rag</Entry>
<Entry LibID="6" Index="26">orphanage</Entry>
<Entry LibID="6" Index="27">applaud</Entry>
<Entry LibID="6" Index="28">discrimination</Entry>
<Entry LibID="6" Index="29">oppression</Entry>
<Entry LibID="6" Index="30">credible</Entry>
<Entry LibID="-1" Index="-1">_collocation_001846</Entry>
<Entry LibID="107" Index="2147483647">Fractur</Entry>
<Entry LibID="107" Index="2147483647">fracture</Entry>
<Entry LibID="107" Index="2147483647">fracas</Entry>
<Entry LibID="107" Index="2147483647">sovereign</Entry>
<Entry LibID="107" Index="2147483647">gingerly</Entry>
<Entry LibID="107" Index="2147483647">keep down</Entry>
<Entry LibID="107" Index="2147483647">coordinate</Entry>
<Entry LibID="107" Index="2147483647">drought</Entry>
<Entry LibID="107" Index="2147483647">sought</Entry>
<Entry LibID="107" Index="2147483647">pattern</Entry>
<Entry LibID="107" Index="2147483647">sustain</Entry>
<Entry LibID="107" Index="2147483647">myriad</Entry>
<Entry LibID="107" Index="2147483647">onco-</Entry>
<Entry LibID="107" Index="2147483647">tectum</Entry>
<Entry LibID="107" Index="2147483647">cellular</Entry>
<Entry LibID="107" Index="2147483647">prosecutor</Entry>
<Entry LibID="107" Index="2147483647">liken</Entry>
<Entry LibID="107" Index="2147483647">transcription</Entry>
<Entry LibID="107" Index="2147483647">molecule</Entry>
<Entry LibID="107" Index="2147483647">lurk</Entry>
<Entry LibID="107" Index="2147483647">capias</Entry>
<Entry LibID="107" Index="2147483647">oestrogen</Entry>
<Entry LibID="107" Index="2147483647">tamoxifen</Entry>
<Entry LibID="107" Index="2147483647">tyrosine</Entry>
<Entry LibID="107" Index="2147483647">kinase</Entry>
<Entry LibID="107" Index="2147483647">malignance</Entry>
<Entry LibID="107" Index="2147483647">malignancy</Entry>
<Entry LibID="107" Index="2147483647">prostate</Entry>
<Entry LibID="107" Index="2147483647">glioblastoma</Entry>
<Entry LibID="107" Index="2147483647">mafioso</Entry>
<Entry LibID="107" Index="2147483647">stool</Entry>
<Entry LibID="107" Index="2147483647">stoolpigeon</Entry>
<Entry LibID="107" Index="2147483647">putative</Entry>
<Entry LibID="107" Index="2147483647">graft</Entry>
<Entry LibID="107" Index="2147483647">pharmaceuticals</Entry>
</History>
