<Favorites>
<Entry LibID="102" Index="77">abroad</Entry>
<Entry LibID="107" Index="2147483647">alchemist</Entry>
<Entry LibID="107" Index="2147483647">assortment</Entry>
<Entry LibID="107" Index="2147483647">bankroll</Entry>
<Entry LibID="107" Index="2147483647">barely</Entry>
<Entry LibID="107" Index="2147483647">Bhutan</Entry>
<Entry LibID="107" Index="2147483647">boil down</Entry>
<Entry LibID="107" Index="2147483647">bubbly</Entry>
<Entry LibID="107" Index="2147483647">burnout</Entry>
<Entry LibID="107" Index="2147483647">catalyst</Entry>
<Entry LibID="107" Index="2147483647">cleanliness</Entry>
<Entry LibID="107" Index="2147483647">coiner</Entry>
<Entry LibID="107" Index="2147483647">colonial</Entry>
<Entry LibID="107" Index="2147483647">congestion</Entry>
<Entry LibID="107" Index="2147483647">contain</Entry>
<Entry LibID="107" Index="2147483647">contentment</Entry>
<Entry LibID="107" Index="2147483647">convoluted</Entry>
<Entry LibID="107" Index="2147483647">cringe</Entry>
<Entry LibID="107" Index="2147483647">cringe-making</Entry>
<Entry LibID="107" Index="2147483647">crumb</Entry>
<Entry LibID="107" Index="2147483647">cult</Entry>
<Entry LibID="107" Index="2147483647">curb</Entry>
<Entry LibID="107" Index="2147483647">debilitate</Entry>
<Entry LibID="107" Index="2147483647">declaration</Entry>
<Entry LibID="107" Index="2147483647">delirium</Entry>
<Entry LibID="107" Index="2147483647">deplete</Entry>
<Entry LibID="107" Index="2147483647">deteriorate</Entry>
<Entry LibID="107" Index="2147483647">discrete</Entry>
<Entry LibID="107" Index="2147483647">draconian</Entry>
<Entry LibID="107" Index="2147483647">dray</Entry>
<Entry LibID="107" Index="2147483647">dung</Entry>
<Entry LibID="107" Index="2147483647">earnest</Entry>
<Entry LibID="107" Index="2147483647">emirate</Entry>
<Entry LibID="107" Index="2147483647">empathy</Entry>
<Entry LibID="107" Index="2147483647">enact</Entry>
<Entry LibID="107" Index="2147483647">entrench</Entry>
<Entry LibID="107" Index="2147483647">envisage</Entry>
<Entry LibID="107" Index="2147483647">equate</Entry>
<Entry LibID="107" Index="2147483647">euphoria</Entry>
<Entry LibID="107" Index="2147483647">fad</Entry>
<Entry LibID="107" Index="2147483647">fertiliser</Entry>
<Entry LibID="107" Index="2147483647">flew</Entry>
<Entry LibID="107" Index="2147483647">forecaster</Entry>
<Entry LibID="107" Index="2147483647">freight</Entry>
<Entry LibID="107" Index="2147483647">glacial</Entry>
<Entry LibID="107" Index="2147483647">grit</Entry>
<Entry LibID="107" Index="2147483647">guru</Entry>
<Entry LibID="107" Index="2147483647">happy-clappy</Entry>
<Entry LibID="107" Index="2147483647">havoc</Entry>
<Entry LibID="107" Index="2147483647">heavy goods vehicle</Entry>
<Entry LibID="107" Index="2147483647">hoax</Entry>
<Entry LibID="107" Index="2147483647">HUAC, the</Entry>
<Entry LibID="107" Index="2147483647">hum</Entry>
<Entry LibID="107" Index="2147483647">hustler</Entry>
<Entry LibID="107" Index="2147483647">hygiene</Entry>
<Entry LibID="107" Index="2147483647">imminent</Entry>
<Entry LibID="107" Index="2147483647">imprint</Entry>
<Entry LibID="107" Index="2147483647">internal-combustion engine</Entry>
<Entry LibID="107" Index="2147483647">jolly good</Entry>
<Entry LibID="107" Index="2147483647">knock-on</Entry>
<Entry LibID="107" Index="2147483647">lunatic</Entry>
<Entry LibID="107" Index="2147483647">malodorous</Entry>
<Entry LibID="107" Index="2147483647">manoeuvre</Entry>
<Entry LibID="107" Index="2147483647">mellifluous</Entry>
<Entry LibID="107" Index="2147483647">memo</Entry>
<Entry LibID="107" Index="2147483647">menace</Entry>
<Entry LibID="107" Index="2147483647">mileage</Entry>
<Entry LibID="107" Index="2147483647">mindful</Entry>
<Entry LibID="107" Index="2147483647">miscreant</Entry>
<Entry LibID="107" Index="2147483647">monetary</Entry>
<Entry LibID="107" Index="2147483647">monotonous</Entry>
<Entry LibID="107" Index="2147483647">mortality</Entry>
<Entry LibID="107" Index="2147483647">murderous</Entry>
<Entry LibID="107" Index="2147483647">nagging</Entry>
<Entry LibID="107" Index="2147483647">olfactory</Entry>
<Entry LibID="107" Index="2147483647">omnibus</Entry>
<Entry LibID="107" Index="2147483647">onset</Entry>
<Entry LibID="107" Index="2147483647">opioid</Entry>
<Entry LibID="107" Index="2147483647">overdue</Entry>
<Entry LibID="107" Index="2147483647">overhaul</Entry>
<Entry LibID="107" Index="2147483647">owl</Entry>
<Entry LibID="107" Index="2147483647">parable</Entry>
<Entry LibID="107" Index="2147483647">penmanship</Entry>
<Entry LibID="107" Index="2147483647">Percy</Entry>
<Entry LibID="107" Index="2147483647">petrochemical</Entry>
<Entry LibID="107" Index="2147483647">pivot</Entry>
<Entry LibID="107" Index="2147483647">plasticity</Entry>
<Entry LibID="107" Index="2147483647">pledge</Entry>
<Entry LibID="107" Index="2147483647">pockmark</Entry>
<Entry LibID="107" Index="2147483647">popper</Entry>
<Entry LibID="107" Index="2147483647">postpartum</Entry>
<Entry LibID="107" Index="2147483647">privatise</Entry>
<Entry LibID="107" Index="2147483647">procurement</Entry>
<Entry LibID="107" Index="2147483647">progeny</Entry>
<Entry LibID="107" Index="2147483647">proportionate</Entry>
<Entry LibID="107" Index="2147483647">radicalise</Entry>
<Entry LibID="107" Index="2147483647">radicalize</Entry>
<Entry LibID="107" Index="2147483647">rictus</Entry>
<Entry LibID="107" Index="2147483647">ridicule</Entry>
<Entry LibID="107" Index="2147483647">run-of-the-mill</Entry>
<Entry LibID="107" Index="2147483647">saviour</Entry>
<Entry LibID="107" Index="2147483647">scramble</Entry>
<Entry LibID="107" Index="2147483647">sewage</Entry>
<Entry LibID="107" Index="2147483647">shone</Entry>
<Entry LibID="107" Index="2147483647">shrill</Entry>
<Entry LibID="107" Index="2147483647">signatory</Entry>
<Entry LibID="107" Index="2147483647">slum</Entry>
<Entry LibID="107" Index="2147483647">snarl</Entry>
<Entry LibID="107" Index="2147483647">song and dance</Entry>
<Entry LibID="107" Index="2147483647">spill</Entry>
<Entry LibID="107" Index="2147483647">spin off</Entry>
<Entry LibID="107" Index="2147483647">stark</Entry>
<Entry LibID="107" Index="2147483647">steady</Entry>
<Entry LibID="107" Index="2147483647">stealthy</Entry>
<Entry LibID="107" Index="2147483647">steward</Entry>
<Entry LibID="107" Index="2147483647">stigmatize</Entry>
<Entry LibID="107" Index="2147483647">sullen</Entry>
<Entry LibID="107" Index="2147483647">thwart</Entry>
<Entry LibID="107" Index="2147483647">tip-in</Entry>
<Entry LibID="107" Index="2147483647">tipping point</Entry>
<Entry LibID="107" Index="2147483647">tractor</Entry>
<Entry LibID="107" Index="2147483647">tumble</Entry>
<Entry LibID="107" Index="2147483647">turbulent</Entry>
<Entry LibID="107" Index="2147483647">turning</Entry>
<Entry LibID="107" Index="2147483647">tyrant</Entry>
<Entry LibID="107" Index="2147483647">unbeknown to someone</Entry>
<Entry LibID="107" Index="2147483647">upbeat</Entry>
<Entry LibID="107" Index="2147483647">Vaughan</Entry>
<Entry LibID="107" Index="2147483647">wane</Entry>
<Entry LibID="107" Index="2147483647">wean</Entry>
<Entry LibID="107" Index="2147483647">weed out</Entry>
<Entry LibID="108" Index="35700">widget</Entry>
<Entry LibID="107" Index="2147483647">wishy-washy</Entry>
</Favorites>
